Model,MAE,RMSE,MAPE,R²
XGBoost,526.3342895507812,710.2429601903845,8.117306376726939,0.9636771082878113
